{"cameraMode":{"drawMode":0,"name":"Shaded","section":"Shading Mode"},"sceneLighting":true,"audioPlay":false,"sceneViewState":{"m_AlwaysRefresh":false,"showFog":true,"showSkybox":true,"showFlares":true,"showImageEffects":true,"showParticleSystems":true,"showVisualEffectGraphs":true,"m_FxEnabled":true},"in2DMode":false,"pivot":{"x":9.43912124633789,"y":5.209156036376953,"z":-41.748497009277347},"rotation":{"x":0.0025658432859927418,"y":-0.9039319157600403,"z":0.005423796828836203,"w":0.42765140533447268},"size":1.375303864479065,"orthographic":true}