{"cameraMode":{"drawMode":0,"name":"Shaded","section":"Shading Mode"},"sceneLighting":true,"audioPlay":false,"sceneViewState":{"m_AlwaysRefresh":false,"showFog":true,"showSkybox":true,"showFlares":true,"showImageEffects":true,"showParticleSystems":true,"showVisualEffectGraphs":true,"m_FxEnabled":true},"in2DMode":false,"pivot":{"x":10.720210075378418,"y":5.206265449523926,"z":122.34602355957031},"rotation":{"x":0.06186600774526596,"y":0.1851542443037033,"z":-0.011680269613862038,"w":0.9806991219520569},"size":51.2792854309082,"orthographic":true}