{"cameraMode":{"drawMode":0,"name":"Shaded","section":"Shading Mode"},"sceneLighting":true,"audioPlay":false,"sceneViewState":{"m_AlwaysRefresh":false,"showFog":true,"showSkybox":true,"showFlares":true,"showImageEffects":true,"showParticleSystems":true,"showVisualEffectGraphs":true,"m_FxEnabled":true},"in2DMode":false,"pivot":{"x":9.906092643737793,"y":4.829310417175293,"z":-38.15700149536133},"rotation":{"x":0.00034041175968013704,"y":-0.9996687173843384,"z":0.01799614354968071,"w":0.01889425329864025},"size":1.7023892402648926,"orthographic":true}