{"cameraMode":{"drawMode":0,"name":"Shaded","section":"Shading Mode"},"sceneLighting":true,"audioPlay":false,"sceneViewState":{"m_AlwaysRefresh":false,"showFog":true,"showSkybox":true,"showFlares":true,"showImageEffects":true,"showParticleSystems":true,"showVisualEffectGraphs":true,"m_FxEnabled":true},"in2DMode":false,"pivot":{"x":9.462233543395996,"y":4.829852104187012,"z":-38.14180374145508},"rotation":{"x":0.0001442445645807311,"y":-0.9997662901878357,"z":0.020998267456889154,"w":0.006896717008203268},"size":1.298425316810608,"orthographic":true}